cumdf_nuc,prediction margin,predicted Modifications
1,1,none
10,1,none
100,1,none
101,0.98,none
102,1,none
103,0.98,none
104,0.92,none
105,1,none
106,1,none
107,1,none
108,1,none
109,0.92,none
11,1,none
110,0.4,none
111,1,none
112,0.96,none
113,1,none
114,1,none
115,1,none
116,1,none
117,0.98,none
118,0.96,none
119,1,none
12,1,none
120,1,none
121,1,none
122,0.86,none
123,1,none
124,1,none
125,1,none
126,0.26,none
127,0.96,none
128,1,none
129,1,none
13,0.71,none
130,1,none
131,1,none
132,1,none
133,1,none
134,1,none
135,0.89,none
136,0.98,none
137,0.96,none
138,1,none
139,0.94,none
14,1,none
140,0.98,none
141,0.96,none
142,1,none
143,0.54,none
144,1,none
145,0.87,none
146,1,none
147,1,none
148,0.92,none
149,1,none
15,1,none
150,1,none
151,0.17,none
152,1,none
153,0.98,none
154,0.6,none
155,0.84,none
156,0.9,none
16,0.94,none
17,0.3,none
18,1,none
19,1,none
2,1,none
20,1,none
21,0.76,none
22,1,none
23,0.8,none
24,1,none
25,1,none
26,0.82,none
27,1,none
28,1,none
29,0.96,none
3,1,none
30,1,none
31,1,none
32,1,none
33,0.52,none
34,0.94,none
35,1,none
36,1,none
37,0.74,none
38,1,none
39,1,none
4,0.7,none
40,0.98,none
41,1,none
42,1,none
43,0.96,none
44,0.9,none
45,1,none
46,1,none
47,1,none
48,1,none
49,1,none
5,0.96,none
50,0.43,none
51,1,none
52,1,none
53,1,none
54,0.32,none
55,1,none
56,0.92,none
57,1,none
58,0.26,none
59,1,none
6,0.98,none
60,1,none
61,1,none
62,0.88,none
63,0.9,none
64,0.98,none
65,1,none
66,0.26,none
67,1,none
68,0.3,none
69,1,none
7,0.72,none
70,1,none
71,0.88,none
72,0.24,none
73,0.58,none
74,-0.14,Gm
75,1,none
76,1,none
77,1,none
78,1,none
79,0.98,none
8,1,none
80,0.98,none
81,1,none
82,0.94,none
83,1,none
84,0.68,none
85,0.1,none
86,1,none
87,0.96,none
88,0.04,none
89,0.94,none
9,1,none
90,1,none
91,0.62,none
92,0.98,none
93,1,none
94,1,none
95,1,none
96,1,none
97,0.98,none
98,0.74,none
99,0.88,none